Sr No,Flower,Scientific,Androecium,Gynoecium,Sepal,Petal,Color,Image
1,Daisy,Bellis Perrenis,6,3,4,5,red,daisy
2,Hibiscus,Hibiscus Rosa Sinensis,2,7,2,3,yellow,hibiscus
3,Rose,Rosa Spp,8,1,3,1,red,rose
4,Tulip,Tulipa Spp,5,4,5,2,purple,tulip
5,Sunflower,Helianthus Annus,9,4,3,2,yellow,sunflower
6,Orchid,Orchidaceae A.,3,6,2,3,red,orchid
7,Marigold,Tagetes Erecta,7,5,1,1,yellow,marigold
8,Lily,Lillium Spp,4,4,5,2,blue,lily
9,Jasmine,Jasminum Spp,6,3,4,5,white,jasmine
10,Pancy,Viola Tricolor,2,7,2,3,purple,pancy
11,Iris,Iris Spp,8,1,3,1,voilet,iris
12,Orchid,Orchidaceae Bac.,5,4,5,2,pink,orchid2
