No.,Flower,Day,Height,Flower Count,Bud,Season
1,Sunflower,1,5,2,0,Spring
2,Sunflower,2,6.2,4,0,Summer
3,Sunflower,3,7.5,6,0,Autumn
4,Sunflower,4,9,8,1,Winter
5,Sunflower,5,10.5,10,2,Spring
6,Sunflower,6,12,12,3,Summer
7,Sunflower,7,13.5,14,4,Autumn
8,Sunflower,8,15,16,5,Winter
9,Sunflower,9,16.2,18,6,Spring
10,Sunflower,10,17.5,20,7,Summer
11,Rose,11,4,3,0,Spring
12,Rose,12,4.5,4,0,Summer
13,Rose,13,5,5,0,Autumn
14,Rose,14,5.5,6,1,Winter
15,Rose,15,6,7,2,Spring
16,Rose,16,6.5,8,3,Summer
17,Rose,17,7,9,4,Autumn
18,Rose,18,7.5,10,5,Winter
19,Tulip,19,2,1,0,Spring
20,Tulip,20,2.5,2,0,Summer
21,Tulip,21,3,3,0,Autumn
22,Tulip,22,3.5,4,1,Winter
23,Tulip,23,4,5,2,Spring
24,Tulip,24,4.5,6,3,Summer
25,Tulip,25,5,7,4,Autumn
26,Tulip,26,5.5,8,5,Winter
27,Tulip,27,6,9,6,Spring
28,Tulip,28,6.5,10,7,Summer
29,Lily,29,3,2,0,Spring
30,Lily,30,3.5,4,0,Summer
31,Lily,31,4,6,0,Autumn
32,Lily,32,4.5,8,1,Winter
33,Lily,33,5,10,2,Spring
34,Lily,34,5.5,12,3,Summer
35,Lily,35,6,14,4,Autumn
36,Lily,36,6.5,16,5,Winter
37,Lily,37,7,18,6,Spring
38,Lily,38,7.5,20,7,Summer
39,Daffodil,39,2,1,0,Spring
40,Daffodil,40,2.5,2,0,Summer
41,Daffodil,41,3,3,0,Autumn
42,Daffodil,42,3.5,4,1,Winter
43,Daffodil,43,4,5,2,Spring
44,Daffodil,44,4.5,6,3,Summer
45,Daffodil,45,5,7,4,Autumn
46,Daffodil,46,5.5,8,5,Winter
47,Daffodil,47,6,9,6,Spring
48,Daffodil,48,6.5,10,7,Summer
49,Orchid,49,1,1,0,Spring
50,Orchid,50,1.5,2,0,Summer
51,Orchid,51,2,3,0,Autumn
52,Orchid,52,2.5,4,1,Winter
53,Orchid,53,3,5,2,Spring
54,Orchid,54,3.5,6,3,Summer
55,Orchid,55,4,7,4,Autumn
56,Orchid,56,4.5,8,5,Winter
57,Orchid,57,5,9,6,Spring
58,Orchid,58,5.5,10,7,Summer
59,Marigold,59,2,1,0,Spring
60,Marigold,60,2.5,2,0,Summer
61,Marigold,61,3,3,0,Autumn
62,Marigold,62,3.5,4,1,Winter
63,Marigold,63,4,5,2,Spring
64,Marigold,64,4.5,6,3,Summer
65,Marigold,65,5,7,4,Autumn
66,Marigold,66,5.5,8,5,Winter
67,Marigold,67,6,9,6,Spring
68,Marigold,68,6.5,10,7,Summer
69,Lavender,69,1,2,0,Spring
70,Lavender,70,1.5,4,0,Summer
71,Lavender,71,2,6,0,Autumn
72,Lavender,72,2.5,8,1,Winter
73,Lavender,73,3,10,2,Spring
74,Lavender,74,3.5,12,3,Summer
75,Lavender,75,4,14,4,Autumn
76,Lavender,76,4.5,16,5,Winter
77,Lavender,77,5,18,6,Spring
78,Lavender,78,5.5,20,7,Summer
79,Lily,79,7,19,8,Autumn
80,Lily,80,7.5,20,9,Winter
81,Daffodil,81,7,20,8,Spring
82,Daffodil,82,7.5,22,9,Summer
83,Sunflower,83,28,34,14,Autumn
84,Sunflower,84,29.5,36,15,Winter
85,Sunflower,85,31,38,16,Spring
86,Sunflower,86,32.5,40,17,Summer
87,Rose,87,14,22,10,Spring
88,Rose,88,14.5,24,11,Summer
89,Tulip,89,14,24,12,Autumn
90,Tulip,90,14.5,25,13,Winter
91,Lily,91,14,25,14,Spring
92,Lily,92,14.5,26,15,Summer
93,Daffodil,93,14,26,16,Autumn
94,Daffodil,94,14.5,27,17,Winter
95,Sunflower,95,33,42,18,Spring
96,Sunflower,96,34.5,44,19,Summer
97,Rose,97,15,25,12,Autumn
98,Rose,98,15.5,26,13,Winter
99,Tulip,99,15,26,14,Spring
100,Tulip,100,15.5,27,15,Summer
